﻿<Settings>
    <Sitecore>
        <Processing>
            <Services>
                <IMLNetService>
                    <Type>Demo.Foundation.ProcessingEngine.Services.MLNetService, Demo.Foundation.ProcessingEngine</Type>
                    <As>Demo.Foundation.ProcessingEngine.Services.IMLNetService, Demo.Foundation.ProcessingEngine</As>
                    <LifeTime>Transient</LifeTime>
                    <Options>
                        <MLServerUrl>http://localhost:56399</MLServerUrl>
                        <TrainUrl>/api/rfm/train</TrainUrl>
                        <PredictUrl>/api/rfm/predict</PredictUrl>
                    </Options>
                </IMLNetService>
            </Services>
        </Processing>
    </Sitecore>
</Settings>
