﻿<Settings>
  <Sitecore>
    <Processing>
      <Services>
        <TaskServicesFactory>
          <Options>
            <RfmInteractionTrainingWorker>
              <Type>Demo.Foundation.ProcessingEngine.Train.Workers.RfmTrainingWorker, Demo.Foundation.ProcessingEngine</Type>
            </RfmInteractionTrainingWorker>
            <RfmEvaluationWorker>
              <Type>Demo.Foundation.ProcessingEngine.Predict.Workers.RfmEvaluationWorker, Demo.Foundation.ProcessingEngine</Type>
            </RfmEvaluationWorker>
          </Options>
        </TaskServicesFactory>
      </Services>
    </Processing>
  </Sitecore>
</Settings>
