﻿<Settings>
  <Sitecore>
    <XConnect.Client>
      <Services>
        <Client.Configuration>
          <Options>
            <Models>
              <CustomModel>
                <TypeName>Demo.Foundation.ProcessingEngine.Models.XConnect.XdbPurchaseModel, Demo.Foundation.ProcessingEngine</TypeName>
                <PropertyName>Model</PropertyName>
              </CustomModel>
              <ContactModel>
                <TypeName>Demo.Foundation.ProcessingEngine.Models.XConnect.XdbPurchaseContactModel, Demo.Foundation.ProcessingEngine</TypeName>
                <PropertyName>Model</PropertyName>
              </ContactModel>
            </Models>
          </Options>
        </Client.Configuration>
      </Services>
    </XConnect.Client>
  </Sitecore>
</Settings>
