{
  "Name": "ContactModel",
  "Version": "1.0",
  "References": [
    {
      "Name": "XConnect",
      "Version": "1.0"
    },
    {
      "Name": "Sitecore.XConnect.Collection.Model",
      "Version": "9.0"
    }
  ],
  "Types": {
    "Demo.Foundation.ProcessingEngine.Facets.RfmContactFacet": {
      "Type": "Facet",
      "BaseType": "Sitecore.XConnect.Facet",
      "ClrType": "Demo.Foundation.ProcessingEngine.Facets.RfmContactFacet, Demo.Foundation.ProcessingEngine, Version=1.0.0.0, Culture=neutral, PublicKeyToken=null",
      "Properties": {
        "R": {
          "Type": "Int32"
        },
        "F": {
          "Type": "Int32"
        },
        "M": {
          "Type": "Int32"
        },
        "Recency": {
          "Type": "Double"
        },
        "Frequency": {
          "Type": "Int32"
        },
        "Monetary": {
          "Type": "Double"
        },
        "Cluster": {
          "Type": "Int32"
        }
      }
    }
  },
  "Facets": [
    {
      "Target": "Contact",
      "Name": "RfmContactFacet",
      "Type": "Demo.Foundation.ProcessingEngine.Facets.RfmContactFacet"
    }
  ]
}