{
  "Name": "PurchaseOutcome",
  "Version": "1.0",
  "References": [
    {
      "Name": "XConnect",
      "Version": "1.0"
    },
    {
      "Name": "Sitecore.XConnect.Collection.Model",
      "Version": "9.0"
    }
  ],
  "Types": {
    "Demo.Foundation.ProcessingEngine.Models.PurchaseOutcome": {
      "Type": "Event",
      "BaseType": "Sitecore.XConnect.Outcome",
      "ClrType": "Demo.Foundation.ProcessingEngine.Models.PurchaseOutcome, Demo.Foundation.ProcessingEngine, Version=1.0.0.0, Culture=neutral, PublicKeyToken=null",
      "Properties": {
        "Quantity": {
          "Type": "Int32"
        },
        "InvoiceId": {
          "Type": "Int32"
        },
        "CustomerId": {
          "Type": "String"
        },
        "UnitPrice": {
          "Type": "Double"
        },
        "ProductId": {
          "Type": "String"
        }
      }
    }
  },
  "Facets": []
}